Location,Hometown,Birthday
Hilversum,Zhovti Vody,8/12/1983
Hilversum,Zhovti Vody,8/12/1983
"Taganrog, Russia","Yeysk, Krasnodarskiy Kray, Russia",7/21/1978
"Kyiv, Ukraine",Yevpatoriya,4/28/1983
"Kyiv, Ukraine",Yalta,3/31/1984
Krasnodar,"Yakutsk, Russia",12/11/1992
Krasnodar,"Volgograd, Russia",1/4/1980
Krasnodar,"Volgograd, Russia",5/19/1967
"Krasnodar, Russia",Vladikavkaz,7/30/1900
Vladikavkaz,Vladikavkaz,7/27/1983
Krasnodar,"Ustlabinsk, Krasnodarskiy Kray, Russia",7/21/1982
Ussuriysk,Ussuriysk,7/10/1985
Krasnodar,Tver,10/10/1988
Krasnodar,"Tuapse, Russia",4/23/1992
Krasnodar,"Tuapse, Russia",6/13/1982
Krasnodar,"Tuapse, Russia",1/13/1900
Krasnodar,Timashevsk,3/24/1986
Krasnodar,Temryuk,10/22/1900
"Albi, France","Tbilisi, Georgia",8/10/1982
Krasnodar,"Tbilisi, Georgia",8/6/1977
"Le Havre, Basse-Normandie, France","Tbilisi, Georgia",9/14/1986
"Sochi, Russia","Tbilisi, Georgia",1/15/1975
Stavropol,"Tbilisi, Georgia",12/31/1987
"Tbilisi, Georgia","Tbilisi, Georgia",9/4/1985
"Tbilisi, Georgia","Tbilisi, Georgia",11/23/1982
"The Hague, Netherlands","Tbilisi, Georgia",8/2/1979
"Yekaterinburg, Sverdlovskaya Oblast', Russia","Tbilisi, Georgia",3/21/1986
Krasnodar,"Taganrog, Russia",6/6/1991
Krasnodar,Surgut,10/8/1979
Krasnodar,"Staroderevyankovskaya, Krasnodarskiy Kray, Russia",6/27/1986
Krasnodar,"Sochi, Russia",3/17/1900
"Rotterdam, Netherlands","Simferopol, Ukraine",8/3/1980
"Helsinki, Finland","Sibbo, Etelä-Suomen Lääni, Finland",4/19/1984
"Moscow, Russia","Saratov, Russia",10/11/1978
,"Saratov, Russia",7/27/1900
"Saint Petersburg, Russia","Saint Petersburg, Russia",8/4/1987
"Saint Petersburg, Russia","Saint Petersburg, Russia",7/22/1986
"Saint Petersburg, Russia","Saint Petersburg, Russia",1/9/1900
"Rouen, France","Rouen, France",11/11/1990
Rostov-on-Don,Rostov-on-Don,12/24/1994
"Moscow, Russia",Rasskazovo,12/2/1983
Krasnodar,"Perm, Russia",2/22/1900
Krasnodar,"Omsk, Russia",6/23/1987
Krasnodar,"Omsk, Russia",3/26/1900
"Omsk, Russia","Omsk, Russia",9/20/1981
Ubud,"Omsk, Russia",2/11/1987
"Oldenburg, Germany","Oldenburg, Germany",8/14/1990
Krasnodar,Novorossiysk,1/5/1989
Krasnodar,"Novorossisk, Krasnodarskiy Kray, Russia",5/6/1991
Anapa,Novokuznetsk,12/10/1900
"Novosibirsk, Russia",Novokuznetsk,8/23/1988
Krasnodar,Norilsk,9/29/1986
Krasnodar,Nevinnomyssk,10/1/1982
,Muravlenko,4/5/1987
"Istanbul, Turkey","Moscow, Russia",6/3/1985
Krasnodar,"Moscow, Russia",12/19/1900
"London, United Kingdom","Moscow, Russia",3/2/1974
"Moscow, Russia","Moscow, Russia",2/28/1988
"Moscow, Russia","Moscow, Russia",6/4/1985
"Moscow, Russia","Moscow, Russia",2/8/1985
"Moscow, Russia","Moscow, Russia",3/5/1982
"Moscow, Russia","Moscow, Russia",5/3/1977
Krasnodar,"Minsk, Belarus",12/8/1985
Krasnodar,Maykop,4/5/1991
Krasnodar,Maykop,5/21/1990
Krasnodar,Maykop,6/12/1984
Krasnodar,Maykop,1/10/1979
Krasnodar,"Maikop, Adygeya, Russia",8/16/1900
"Atlanta, Georgia","Kyiv, Ukraine",12/11/1977
"Kyiv, Ukraine","Kyiv, Ukraine",6/21/1984
"Kyiv, Ukraine","Kyiv, Ukraine",11/4/1981
"Kyiv, Ukraine","Kyiv, Ukraine",1/22/1980
"Kushchëvskaya, Krasnodarskiy Kray, Russia","Kushchëvskaya, Krasnodarskiy Kray, Russia",1/4/1986
Krivoy Rog,Krivoy Rog,11/20/1986
"Kyiv, Ukraine",Krivoy Rog,5/8/1987
"Moscow, Russia",Krasnoyarsk,8/5/1971
"Lugansk, Ukraine",Krasnodon,12/5/1984
Krasnodar,"Krasnodar, Russia",10/10/1983
Krasnodar,"Krasnodar, Russia",4/1/1980
Krasnodar,"Krasnodar, Russia",6/1/1900
Krasnodar,Krasnodar,9/24/1995
Krasnodar,Krasnodar,4/4/1994
Krasnodar,Krasnodar,9/10/1993
Krasnodar,Krasnodar,12/12/1992
Krasnodar,Krasnodar,6/3/1992
Krasnodar,Krasnodar,11/3/1990
Krasnodar,Krasnodar,10/17/1990
Krasnodar,Krasnodar,10/15/1990
Krasnodar,Krasnodar,8/6/1990
Krasnodar,Krasnodar,6/1/1990
Krasnodar,Krasnodar,3/3/1990
Krasnodar,Krasnodar,12/13/1989
Krasnodar,Krasnodar,11/2/1989
Krasnodar,Krasnodar,8/29/1989
Krasnodar,Krasnodar,5/8/1989
Krasnodar,Krasnodar,3/17/1989
Krasnodar,Krasnodar,12/5/1988
Krasnodar,Krasnodar,9/1/1988
Krasnodar,Krasnodar,10/4/1987
Krasnodar,Krasnodar,9/20/1986
Krasnodar,Krasnodar,8/20/1986
Krasnodar,Krasnodar,8/15/1986
Krasnodar,Krasnodar,5/19/1986
Krasnodar,Krasnodar,9/23/1985
Krasnodar,Krasnodar,8/11/1985
Krasnodar,Krasnodar,4/11/1985
Krasnodar,Krasnodar,11/25/1984
Krasnodar,Krasnodar,9/7/1984
Krasnodar,Krasnodar,8/4/1984
Krasnodar,Krasnodar,5/3/1984
Krasnodar,Krasnodar,3/25/1984
Krasnodar,Krasnodar,3/23/1984
Krasnodar,Krasnodar,3/14/1984
Krasnodar,Krasnodar,10/16/1983
Krasnodar,Krasnodar,5/6/1983
Krasnodar,Krasnodar,10/21/1982
Krasnodar,Krasnodar,5/29/1982
Krasnodar,Krasnodar,5/12/1982
Krasnodar,Krasnodar,8/10/1981
Krasnodar,Krasnodar,6/8/1980
Krasnodar,Krasnodar,4/25/1980
Krasnodar,Krasnodar,3/16/1980
Krasnodar,Krasnodar,2/9/1980
Krasnodar,Krasnodar,10/4/1979
Krasnodar,Krasnodar,7/24/1979
Krasnodar,Krasnodar,7/18/1979
Krasnodar,Krasnodar,4/7/1979
Krasnodar,Krasnodar,12/2/1978
Krasnodar,Krasnodar,11/19/1978
Krasnodar,Krasnodar,11/12/1978
Krasnodar,Krasnodar,10/28/1978
Krasnodar,Krasnodar,12/1/1977
Krasnodar,Krasnodar,7/21/1977
Krasnodar,Krasnodar,1/19/1977
Krasnodar,Krasnodar,8/31/1974
Krasnodar,Krasnodar,4/2/1973
Krasnodar,Krasnodar,10/4/1970
Krasnodar,Krasnodar,2/23/1967
Krasnodar,Krasnodar,12/29/1956
Krasnodar,Krasnodar,10/30/1900
Krasnodar,Krasnodar,8/18/1900
Krasnodar,Krasnodar,5/26/1900
Krasnodar,Krasnodar,4/28/1900
Krasnodar,Krasnodar,4/22/1900
Krasnodar,Krasnodar,3/22/1900
Krasnodar,Krasnodar,3/2/1900
Krasnodar,Krasnodar,2/27/1900
Krasnodar,Krasnodar,1/26/1900
"Krasnodar, Russia",Krasnodar,6/15/1993
"Krasnodar, Russia",Krasnodar,12/8/1900
"Manama, Bahrain",Krasnodar,9/1/1900
"Moscow, Russia",Krasnodar,2/21/1985
"Moscow, Russia","Khabarovsk, Russia",11/1/1986
"Helsinki, Finland","Helsinki, Finland",3/30/1969
Krasnodar,Grozny,8/2/1972
Krasnodar,Gelendzhik,7/17/1900
,"Espoo, Finland",11/17/1976
Tver,"Elektrostal, Russia",10/9/1972
"Moscow, Russia","Chisinau, Moldova",4/19/1983
"Cherkassy, Cherkas'Ka Oblast', Ukraine",Cherkasy,3/9/1900
"Cherkassy, Cherkas'Ka Oblast', Ukraine","Cherkassy, Cherkas'Ka Oblast', Ukraine",1/8/1983
"London, United Kingdom","Cherepovetz, Vologodskaya Oblast', Russia",2/18/1983
Krasnodar,Budenovsk,9/23/1977
"Berlin, Germany","Berlin, Germany",11/13/1970
"Kyiv, Ukraine","Belaya Tserkov, Kyyivs'Ka Oblast', Ukraine",5/12/1985
Krasnodar,Anapa,8/27/1972
Krasnodar,"Aktau, Mangghystaū, Kazakhstan",2/17/1910
"Espoo, Finland",,3/15/1900
Krasnodar,,10/21/1988
Krasnodar,,11/1/1980
Krasnodar,,10/8/1980
Krasnodar,,8/31/1976
"Moscow, Russia",,2/11/1989
"Moscow, Russia",,9/12/1984
"Moscow, Russia",,7/14/1977
"Moscow, Russia",,9/28/1900
Utrecht,,9/17/1982
Zhytomyr,,1/31/1900
,,3/16/1989
,,5/8/1984
,,3/26/1984
,,7/19/1983
,,6/25/1983
,,4/7/1981
,,10/3/1978
,,6/8/1974
,,5/19/1974
,,1/16/1971
,,7/12/1948
,,11/15/1900
,,2/19/1900